product,license number,ecolabel,category,product group,criteria generation,brand,licensee,address,city,source_id,run_key,retrieval_date,doc_hash,sample_seed,sample_index
"Colorex Eminent 2, Takfärg Vit","3096 0045, 3096 0007",Nordic Swan Ecolabel,Indoor paints.,096 Paints and varnishes,4,Colorex,Hagmans Nordic AB (Fritsla),Box 112,Fritsla,AS-3,probe-20260915-as3csvsample,2026-09-15,74e79faca248e27cb8fd672235a4947efb842ee3640646ea9d4ca6254f3a2736,42,1
Beckers Front Akrylatfärg Max White,"3096 0001, 3096 0001",Nordic Swan Ecolabel,.,096 Paints and varnishes,4,Beckers,Tikkurila Sverige AB,Textilgatan 31,Stockholm,AS-3,probe-20260915-as3csvsample,2026-09-15,74e79faca248e27cb8fd672235a4947efb842ee3640646ea9d4ca6254f3a2736,42,2
"Flügger Interior Strong Finish 40 Base 4, 2,8 l","SE/044/002, SE/044/002",EU Ecolabel,Exterior paint (EU-Ecolabel),"EU44 Decorative paints, varnishes, and related products",1,Flügger,Flügger Group A/S,Islevdalvej 151,Rødovre,AS-3,probe-20260915-as3csvsample,2026-09-15,74e79faca248e27cb8fd672235a4947efb842ee3640646ea9d4ca6254f3a2736,42,3
"Flügger Interior High Finish 20 Bas 6, 0,7 l","SE/044/002, SE/044/002",EU Ecolabel,Indoor paints (EU-Ecolabel),"EU44 Decorative paints, varnishes, and related products",1,Flügger,Flügger Group A/S,Islevdalvej 151,Rødovre,AS-3,probe-20260915-as3csvsample,2026-09-15,74e79faca248e27cb8fd672235a4947efb842ee3640646ea9d4ca6254f3a2736,42,4
"Flügger Flutex Pro 10 Base 4, 9,1 l (50329)","SE/044/002, SE/044/002",EU Ecolabel,Indoor paints (EU-Ecolabel),"EU44 Decorative paints, varnishes, and related products",1,Flügger,Flügger Group A/S,Islevdalvej 151,Rødovre,AS-3,probe-20260915-as3csvsample,2026-09-15,74e79faca248e27cb8fd672235a4947efb842ee3640646ea9d4ca6254f3a2736,42,5
"DYRUP Væg Ekstra Dækkende 5 Base 10, 4,5 l",DK/044/003,EU Ecolabel,Indoor paints (EU-Ecolabel),"EU44 Decorative paints, varnishes, and related products",1,Dyrup,PPG Coatings Danmark A/S,Gladsaxevej 300,Søborg,AS-3,probe-20260915-as3csvsample,2026-09-15,74e79faca248e27cb8fd672235a4947efb842ee3640646ea9d4ca6254f3a2736,42,6
"Clas Ohlson Väggfärg 7 Pure White, 10 l","SE/044/007, SE/044/007",EU Ecolabel,Indoor paints (EU-Ecolabel),"EU44 Decorative paints, varnishes, and related products",1,Clas Ohlson,Clas Ohlson AB,Clas Ohlsons väg,INSJÖN,AS-3,probe-20260915-as3csvsample,2026-09-15,74e79faca248e27cb8fd672235a4947efb842ee3640646ea9d4ca6254f3a2736,42,7
"Yunik Pro Trim Paint Acryl+ 35 Base AA, 0,7 l (21211)","SE/044/002, SE/044/002",EU Ecolabel,Indoor paints (EU-Ecolabel),"EU44 Decorative paints, varnishes, and related products",1,Yunik,Flügger Group A/S,Islevdalvej 151,Rødovre,AS-3,probe-20260915-as3csvsample,2026-09-15,74e79faca248e27cb8fd672235a4947efb842ee3640646ea9d4ca6254f3a2736,42,8
CanCan Supermatt Takfärg bas A,2096 0018,Nordic Swan Ecolabel,Indoor paints.,096 Paints and varnishes,4,CANCAN,Gjøco AS,Ørveien 1160,Torvikbukt,AS-3,probe-20260915-as3csvsample,2026-09-15,74e79faca248e27cb8fd672235a4947efb842ee3640646ea9d4ca6254f3a2736,42,9
Nordsjö TINOVA DOOR & WINDOW Base Clear,"3096 0051, 3096 0003",Nordic Swan Ecolabel,.,096 Paints and varnishes,4,Nordsjö,Akzo Nobel Decorative Coatings AB,Staffantorpsvägen 50,MALMÖ,AS-3,probe-20260915-as3csvsample,2026-09-15,74e79faca248e27cb8fd672235a4947efb842ee3640646ea9d4ca6254f3a2736,42,10
Beckers It's Easy Matt Wall Paint Sundborn 743,"4096 0001, 4096 0027",Nordic Swan Ecolabel,Indoor paints.,096 Paints and varnishes,4,Beckers,Tikkurila Oyj,Heidehofintie 2,Vantaa,AS-3,probe-20260915-as3csvsample,2026-09-15,74e79faca248e27cb8fd672235a4947efb842ee3640646ea9d4ca6254f3a2736,42,11
Beckers It's Easy Matt Wall Paint Cream 587,"4096 0001, 4096 0027",Nordic Swan Ecolabel,Indoor paints.,096 Paints and varnishes,4,Beckers,Tikkurila Oyj,Heidehofintie 2,Vantaa,AS-3,probe-20260915-as3csvsample,2026-09-15,74e79faca248e27cb8fd672235a4947efb842ee3640646ea9d4ca6254f3a2736,42,12
"CELLO FEEL Helmatt interiörfärg BAS3, 2,7 l",4096 0019,Nordic Swan Ecolabel,Indoor paints.,096 Paints and varnishes,4,Cello,Kesko Oyj,Työpajankatu 12,KESKO,AS-3,probe-20260915-as3csvsample,2026-09-15,74e79faca248e27cb8fd672235a4947efb842ee3640646ea9d4ca6254f3a2736,42,13
"Flügger Flutex 7S+ Bas 4, 2,8 l","SE/044/002, SE/044/002",EU Ecolabel,Indoor paints (EU-Ecolabel),"EU44 Decorative paints, varnishes, and related products",1,Flügger,Flügger Group A/S,Islevdalvej 151,Rødovre,AS-3,probe-20260915-as3csvsample,2026-09-15,74e79faca248e27cb8fd672235a4947efb842ee3640646ea9d4ca6254f3a2736,42,14
"Flügger Flutex Pro 7 Base 3, 9,1 l (30817)","SE/044/002, SE/044/002",EU Ecolabel,Indoor paints (EU-Ecolabel),"EU44 Decorative paints, varnishes, and related products",1,Flügger,Flügger Group A/S,Islevdalvej 151,Rødovre,AS-3,probe-20260915-as3csvsample,2026-09-15,74e79faca248e27cb8fd672235a4947efb842ee3640646ea9d4ca6254f3a2736,42,15
"Sigmacryl 5 Matt RH822, 10 l",DK/044/003,EU Ecolabel,Indoor paints (EU-Ecolabel),"EU44 Decorative paints, varnishes, and related products",1,Sigma,PPG Coatings Danmark A/S,Gladsaxevej 300,Søborg,AS-3,probe-20260915-as3csvsample,2026-09-15,74e79faca248e27cb8fd672235a4947efb842ee3640646ea9d4ca6254f3a2736,42,16
Beckers Interio Väggfärg 10 White,"4096 0001, 4096 0027",Nordic Swan Ecolabel,Indoor paints.,096 Paints and varnishes,4,Beckers,Tikkurila Oyj,Heidehofintie 2,Vantaa,AS-3,probe-20260915-as3csvsample,2026-09-15,74e79faca248e27cb8fd672235a4947efb842ee3640646ea9d4ca6254f3a2736,42,17
"Yunik Väggfärg 20 500 Vit, 0,75 l","SE/044/002, SE/044/002",EU Ecolabel,Indoor paints (EU-Ecolabel),"EU44 Decorative paints, varnishes, and related products",1,Yunik,Flügger Group A/S,Islevdalvej 151,Rødovre,AS-3,probe-20260915-as3csvsample,2026-09-15,74e79faca248e27cb8fd672235a4947efb842ee3640646ea9d4ca6254f3a2736,42,18
"Flügger Flutex 5 Kalkvit S0502-Y, 10 l","SE/044/002, SE/044/002",EU Ecolabel,Indoor paints (EU-Ecolabel),"EU44 Decorative paints, varnishes, and related products",1,Flügger,Flügger Group A/S,Islevdalvej 151,Rødovre,AS-3,probe-20260915-as3csvsample,2026-09-15,74e79faca248e27cb8fd672235a4947efb842ee3640646ea9d4ca6254f3a2736,42,19
Yunik Pro PU Wood & Metal 20 White,"3096 0024, 3096 0024",Nordic Swan Ecolabel,Indoor paints.,096 Paints and varnishes,4,Yunik Pro,Flügger Group A/S,Islevdalvej 151,Rødovre,AS-3,probe-20260915-as3csvsample,2026-09-15,74e79faca248e27cb8fd672235a4947efb842ee3640646ea9d4ca6254f3a2736,42,20
Nordsjö PROFESSIONAL SNICKERI 40 Base Clear,"3096 0003, 3096 0003",Nordic Swan Ecolabel,Indoor paints.,096 Paints and varnishes,4,Nordsjö,Akzo Nobel Decorative Coatings AB,Staffantorpsvägen 50,MALMÖ,AS-3,probe-20260915-as3csvsample,2026-09-15,74e79faca248e27cb8fd672235a4947efb842ee3640646ea9d4ca6254f3a2736,42,21
"Flügger Flutex 7S+ Råvit S0500-N, 3 l","SE/044/002, SE/044/002",EU Ecolabel,Indoor paints (EU-Ecolabel),"EU44 Decorative paints, varnishes, and related products",1,Flügger,Flügger Group A/S,Islevdalvej 151,Rødovre,AS-3,probe-20260915-as3csvsample,2026-09-15,74e79faca248e27cb8fd672235a4947efb842ee3640646ea9d4ca6254f3a2736,42,22
PP Enamel Wood Primer White,"3096 0024, 3096 0024",Nordic Swan Ecolabel,.,096 Paints and varnishes,4,PP,Flügger Group A/S,Islevdalvej 151,Rødovre,AS-3,probe-20260915-as3csvsample,2026-09-15,74e79faca248e27cb8fd672235a4947efb842ee3640646ea9d4ca6254f3a2736,42,23
"Flügger Perform 10 Base 3, 9,1 l","SE/044/002, SE/044/002",EU Ecolabel,Indoor paints (EU-Ecolabel),"EU44 Decorative paints, varnishes, and related products",1,Flügger,Flügger Group A/S,Islevdalvej 151,Rødovre,AS-3,probe-20260915-as3csvsample,2026-09-15,74e79faca248e27cb8fd672235a4947efb842ee3640646ea9d4ca6254f3a2736,42,24
Alcro Fasad Täcklasyr White/ Base A,"3096 0001, 3096 0001",Nordic Swan Ecolabel,.,096 Paints and varnishes,4,Alcro,Tikkurila Sverige AB,Textilgatan 31,Stockholm,AS-3,probe-20260915-as3csvsample,2026-09-15,74e79faca248e27cb8fd672235a4947efb842ee3640646ea9d4ca6254f3a2736,42,25
"Flügger Dekso 1 Ultramat Offwhite S0500-N, 120 l","SE/044/002, SE/044/002",EU Ecolabel,Indoor paints (EU-Ecolabel),"EU44 Decorative paints, varnishes, and related products",1,Flügger,Flügger Group A/S,Islevdalvej 151,Rødovre,AS-3,probe-20260915-as3csvsample,2026-09-15,74e79faca248e27cb8fd672235a4947efb842ee3640646ea9d4ca6254f3a2736,42,26
Nordsjö TINOVA EXCELLENT EXTERIOR 334 Red,"3096 0051, 3096 0003",Nordic Swan Ecolabel,.,096 Paints and varnishes,4,Nordsjö,Akzo Nobel Decorative Coatings AB,Staffantorpsvägen 50,MALMÖ,AS-3,probe-20260915-as3csvsample,2026-09-15,74e79faca248e27cb8fd672235a4947efb842ee3640646ea9d4ca6254f3a2736,42,27
"Landora RUS Väggfärg Premium V, vit/bas A, 9,0 l","SE/044/006, SE/044/006",EU Ecolabel,Indoor paints (EU-Ecolabel),"EU44 Decorative paints, varnishes, and related products",1,Landora,Hagmans Nordic AB (Fritsla),Box 112,Fritsla,AS-3,probe-20260915-as3csvsample,2026-09-15,74e79faca248e27cb8fd672235a4947efb842ee3640646ea9d4ca6254f3a2736,42,28
"Flügger Perform 10 Base 3, 2,8 l","SE/044/002, SE/044/002",EU Ecolabel,Indoor paints (EU-Ecolabel),"EU44 Decorative paints, varnishes, and related products",1,Flügger,Flügger Group A/S,Islevdalvej 151,Rødovre,AS-3,probe-20260915-as3csvsample,2026-09-15,74e79faca248e27cb8fd672235a4947efb842ee3640646ea9d4ca6254f3a2736,42,29
Flügger 06 Wood Tex Base 4,"3096 0048, 3096 0024",Nordic Swan Ecolabel,.,096 Paints and varnishes,4,Flügger,Flügger Group A/S,Islevdalvej 151,Rødovre,AS-3,probe-20260915-as3csvsample,2026-09-15,74e79faca248e27cb8fd672235a4947efb842ee3640646ea9d4ca6254f3a2736,42,30
"Flügger Flutex 7S Råvit S0500-N, 120 l","SE/044/002, SE/044/002",EU Ecolabel,Indoor paints (EU-Ecolabel),"EU44 Decorative paints, varnishes, and related products",1,Flügger,Flügger Group A/S,Islevdalvej 151,Rødovre,AS-3,probe-20260915-as3csvsample,2026-09-15,74e79faca248e27cb8fd672235a4947efb842ee3640646ea9d4ca6254f3a2736,42,31
"LADY Iconic base A, B, C og hvit","2096 0002, 2096 0002",Nordic Swan Ecolabel,Indoor paints.,096 Paints and varnishes,4,Jotun Lady,Jotun A/S,Postboks 2021,Sandefjord,AS-3,probe-20260915-as3csvsample,2026-09-15,74e79faca248e27cb8fd672235a4947efb842ee3640646ea9d4ca6254f3a2736,42,32
"Clas Ohlson Väggfärg 7 Mountain Rock, 3 l","SE/044/007, SE/044/007",EU Ecolabel,Indoor paints (EU-Ecolabel),"EU44 Decorative paints, varnishes, and related products",1,Clas Ohlson,Clas Ohlson AB,Clas Ohlsons väg,INSJÖN,AS-3,probe-20260915-as3csvsample,2026-09-15,74e79faca248e27cb8fd672235a4947efb842ee3640646ea9d4ca6254f3a2736,42,33
"CELLO FEEL Helmatt interiörfärg BAS1, 0,9 l",4096 0019,Nordic Swan Ecolabel,Indoor paints.,096 Paints and varnishes,4,Cello,Kesko Oyj,Työpajankatu 12,KESKO,AS-3,probe-20260915-as3csvsample,2026-09-15,74e79faca248e27cb8fd672235a4947efb842ee3640646ea9d4ca6254f3a2736,42,34
"Nordic Chic Furniture Paint, Olive, 750ml",DE/044/046,EU Ecolabel,Indoor paints (EU-Ecolabel),"EU44 Decorative paints, varnishes, and related products",1,Nordic Chic,Nordic Chic,Dragstrupvej 9,Gilleleje,AS-3,probe-20260915-as3csvsample,2026-09-15,74e79faca248e27cb8fd672235a4947efb842ee3640646ea9d4ca6254f3a2736,42,35
"Clas Ohlson Gloss Paint 80 Aged White High Gloss, 0,75 l","SE/044/007, SE/044/007",EU Ecolabel,Indoor paints (EU-Ecolabel),"EU44 Decorative paints, varnishes, and related products",1,Clas Ohlson,Clas Ohlson AB,Clas Ohlsons väg,INSJÖN,AS-3,probe-20260915-as3csvsample,2026-09-15,74e79faca248e27cb8fd672235a4947efb842ee3640646ea9d4ca6254f3a2736,42,36
Lycke Väggfärg Matt,"4096 0027, 4096 0027",Nordic Swan Ecolabel,Indoor paints.,096 Paints and varnishes,4,Lycke - Skönhet för alla hem,Tikkurila Oyj,Heidehofintie 2,Vantaa,AS-3,probe-20260915-as3csvsample,2026-09-15,74e79faca248e27cb8fd672235a4947efb842ee3640646ea9d4ca6254f3a2736,42,37
"Landora Väggfärg 07 Oceanblå 2,5 L","SE/044/006, SE/044/006",EU Ecolabel,Indoor paints (EU-Ecolabel),"EU44 Decorative paints, varnishes, and related products",1,Landora,Hagmans Nordic AB (Fritsla),Box 112,Fritsla,AS-3,probe-20260915-as3csvsample,2026-09-15,74e79faca248e27cb8fd672235a4947efb842ee3640646ea9d4ca6254f3a2736,42,38
"Flügger Interior Strong Finish 20 base 1, 0,7 l","3096 0032, SE/044/002","Nordic Swan Ecolabel, EU Ecolabel",Indoor paints.,096 Paints and varnishes,4,Flügger,Flügger Group A/S,Islevdalvej 151,Rødovre,AS-3,probe-20260915-as3csvsample,2026-09-15,74e79faca248e27cb8fd672235a4947efb842ee3640646ea9d4ca6254f3a2736,42,39
"Beckers Mood Air Wall, bas A, 0,9 L",FI/044/001,EU Ecolabel,Indoor paints (EU-Ecolabel),"EU44 Decorative paints, varnishes, and related products",1,Beckers,Tikkurila Oyj,Heidehofintie 2,Vantaa,AS-3,probe-20260915-as3csvsample,2026-09-15,74e79faca248e27cb8fd672235a4947efb842ee3640646ea9d4ca6254f3a2736,42,40
PP Super Acryl Kitchen & Bath 20 Base 4,"3096 0024, 3096 0024",Nordic Swan Ecolabel,Indoor paints.,096 Paints and varnishes,4,PP,Flügger Group A/S,Islevdalvej 151,Rødovre,AS-3,probe-20260915-as3csvsample,2026-09-15,74e79faca248e27cb8fd672235a4947efb842ee3640646ea9d4ca6254f3a2736,42,41
Yunik Grundfärg trä,"3096 0024, 3096 0024",Nordic Swan Ecolabel,Indoor paints.,096 Paints and varnishes,4,Yunik,Flügger Group A/S,Islevdalvej 151,Rødovre,AS-3,probe-20260915-as3csvsample,2026-09-15,74e79faca248e27cb8fd672235a4947efb842ee3640646ea9d4ca6254f3a2736,42,42
Dansk Premium Vægmaling Base C,5096 0061,Nordic Swan Ecolabel,Indoor paints.,096 Paints and varnishes,4,,Nowocoat Industrial A/S,Stålvej 3,Kolding,AS-3,probe-20260915-as3csvsample,2026-09-15,74e79faca248e27cb8fd672235a4947efb842ee3640646ea9d4ca6254f3a2736,42,43
"Nordic Chic Furniture Paint, Mum's Lipstick, 750ml",DE/044/046,EU Ecolabel,Indoor paints (EU-Ecolabel),"EU44 Decorative paints, varnishes, and related products",1,Nordic Chic,Nordic Chic,Dragstrupvej 9,Gilleleje,AS-3,probe-20260915-as3csvsample,2026-09-15,74e79faca248e27cb8fd672235a4947efb842ee3640646ea9d4ca6254f3a2736,42,44
"Bleo Matte C, 10 l",DK/044/002,EU Ecolabel,Indoor paints (EU-Ecolabel),"EU44 Decorative paints, varnishes, and related products",1,Blēo,Beck & Jørgensen A/S,Rosenkæret 25,Søborg,AS-3,probe-20260915-as3csvsample,2026-09-15,74e79faca248e27cb8fd672235a4947efb842ee3640646ea9d4ca6254f3a2736,42,45
Yunik Pro Wall Primer White,"3096 0024, 3096 0024",Nordic Swan Ecolabel,.,096 Paints and varnishes,4,Yunik Pro,Flügger Group A/S,Islevdalvej 151,Rødovre,AS-3,probe-20260915-as3csvsample,2026-09-15,74e79faca248e27cb8fd672235a4947efb842ee3640646ea9d4ca6254f3a2736,42,46
Flügger Wall Primer Pro White,"3096 0024, 3096 0024",Nordic Swan Ecolabel,Indoor paints.,096 Paints and varnishes,4,Flügger,Flügger Group A/S,Islevdalvej 151,Rødovre,AS-3,probe-20260915-as3csvsample,2026-09-15,74e79faca248e27cb8fd672235a4947efb842ee3640646ea9d4ca6254f3a2736,42,47
Midun Väggfärg 5 Vit,"3096 0045, 3096 0007",Nordic Swan Ecolabel,Indoor paints.,096 Paints and varnishes,4,Midun,Hagmans Nordic AB (Fritsla),Box 112,Fritsla,AS-3,probe-20260915-as3csvsample,2026-09-15,74e79faca248e27cb8fd672235a4947efb842ee3640646ea9d4ca6254f3a2736,42,48
"Flügger Flutex 20S Bas 5, 2,8 l","SE/044/002, SE/044/002",EU Ecolabel,Indoor paints (EU-Ecolabel),"EU44 Decorative paints, varnishes, and related products",1,Flügger,Flügger Group A/S,Islevdalvej 151,Rødovre,AS-3,probe-20260915-as3csvsample,2026-09-15,74e79faca248e27cb8fd672235a4947efb842ee3640646ea9d4ca6254f3a2736,42,49
"BIORA AIR CEILING PURE WHITE, 9 L",4096 0020,Nordic Swan Ecolabel,Indoor paints.,096 Paints and varnishes,4,Teknos,Teknos Oy,Takkatie 3,Helsinki,AS-3,probe-20260915-as3csvsample,2026-09-15,74e79faca248e27cb8fd672235a4947efb842ee3640646ea9d4ca6254f3a2736,42,50
Beckers Mood Smooth Wall White/Base A,"4096 0001, 4096 0027",Nordic Swan Ecolabel,Indoor paints.,096 Paints and varnishes,4,Beckers,Tikkurila Oyj,Heidehofintie 2,Vantaa,AS-3,probe-20260915-as3csvsample,2026-09-15,74e79faca248e27cb8fd672235a4947efb842ee3640646ea9d4ca6254f3a2736,42,51
"Flügger Flutex Pro 5 Base 3, 9,1 l (30845)","SE/044/002, SE/044/002",EU Ecolabel,Indoor paints (EU-Ecolabel),"EU44 Decorative paints, varnishes, and related products",1,Flügger,Flügger Group A/S,Islevdalvej 151,Rødovre,AS-3,probe-20260915-as3csvsample,2026-09-15,74e79faca248e27cb8fd672235a4947efb842ee3640646ea9d4ca6254f3a2736,42,52
"Flügger Special Grund Bas 5, 2,8 l","SE/044/002, SE/044/002",EU Ecolabel,Indoor paints (EU-Ecolabel),"EU44 Decorative paints, varnishes, and related products",1,Flügger,Flügger Group A/S,Islevdalvej 151,Rødovre,AS-3,probe-20260915-as3csvsample,2026-09-15,74e79faca248e27cb8fd672235a4947efb842ee3640646ea9d4ca6254f3a2736,42,53
"Bleo Semi Gloss Base C, 1 l",DK/044/002,EU Ecolabel,Indoor paints (EU-Ecolabel),"EU44 Decorative paints, varnishes, and related products",1,Blēo,Beck & Jørgensen A/S,Rosenkæret 25,Søborg,AS-3,probe-20260915-as3csvsample,2026-09-15,74e79faca248e27cb8fd672235a4947efb842ee3640646ea9d4ca6254f3a2736,42,54
Flügger Flutex Pro 7 Base 4,"3096 0024, 3096 0024",Nordic Swan Ecolabel,Indoor paints.,096 Paints and varnishes,4,Flügger,Flügger Group A/S,Islevdalvej 151,Rødovre,AS-3,probe-20260915-as3csvsample,2026-09-15,74e79faca248e27cb8fd672235a4947efb842ee3640646ea9d4ca6254f3a2736,42,55
"Clas Ohlson Väggfärg 7 Glacier Blue, 3 l","SE/044/007, SE/044/007",EU Ecolabel,Indoor paints (EU-Ecolabel),"EU44 Decorative paints, varnishes, and related products",1,Clas Ohlson,Clas Ohlson AB,Clas Ohlsons väg,INSJÖN,AS-3,probe-20260915-as3csvsample,2026-09-15,74e79faca248e27cb8fd672235a4947efb842ee3640646ea9d4ca6254f3a2736,42,56
PP Roof & Base Black,"3096 0048, 3096 0024",Nordic Swan Ecolabel,.,096 Paints and varnishes,4,PP,Flügger Group A/S,Islevdalvej 151,Rødovre,AS-3,probe-20260915-as3csvsample,2026-09-15,74e79faca248e27cb8fd672235a4947efb842ee3640646ea9d4ca6254f3a2736,42,57
"NordenPaint Freja Väggfärg, bas A, 2,82 l","SE/044/006, SE/044/006",EU Ecolabel,Indoor paints (EU-Ecolabel),"EU44 Decorative paints, varnishes, and related products",1,NordenPaint,Hagmans Nordic AB (Fritsla),Box 112,Fritsla,AS-3,probe-20260915-as3csvsample,2026-09-15,74e79faca248e27cb8fd672235a4947efb842ee3640646ea9d4ca6254f3a2736,42,58
"Flügger Dekso 20 H2O Base 4, 2.8 l","SE/044/002, SE/044/002",EU Ecolabel,Indoor paints (EU-Ecolabel),"EU44 Decorative paints, varnishes, and related products",1,Flügger,Flügger Group A/S,Islevdalvej 151,Rødovre,AS-3,probe-20260915-as3csvsample,2026-09-15,74e79faca248e27cb8fd672235a4947efb842ee3640646ea9d4ca6254f3a2736,42,59
"Nordic Chic Furniture Paint, Christmas Red, 750ml",DE/044/046,EU Ecolabel,Indoor paints (EU-Ecolabel),"EU44 Decorative paints, varnishes, and related products",1,Nordic Chic,Nordic Chic,Dragstrupvej 9,Gilleleje,AS-3,probe-20260915-as3csvsample,2026-09-15,74e79faca248e27cb8fd672235a4947efb842ee3640646ea9d4ca6254f3a2736,42,60
Lycke Snickeri- & Lackfärg Halvblank,"4096 0027, 4096 0027",Nordic Swan Ecolabel,Indoor paints.,096 Paints and varnishes,4,Lycke - Skönhet för alla hem,Tikkurila Oyj,Heidehofintie 2,Vantaa,AS-3,probe-20260915-as3csvsample,2026-09-15,74e79faca248e27cb8fd672235a4947efb842ee3640646ea9d4ca6254f3a2736,42,61
"Flügger Flutex 7A Svart, 0,75 l","SE/044/002, SE/044/002",EU Ecolabel,Indoor paints (EU-Ecolabel),"EU44 Decorative paints, varnishes, and related products",1,Flügger,Flügger Group A/S,Islevdalvej 151,Rødovre,AS-3,probe-20260915-as3csvsample,2026-09-15,74e79faca248e27cb8fd672235a4947efb842ee3640646ea9d4ca6254f3a2736,42,62
"Flügger Interior Strong Finish 20 Base 4, 0,35 l","SE/044/002, SE/044/002",EU Ecolabel,Exterior paint (EU-Ecolabel),"EU44 Decorative paints, varnishes, and related products",1,Flügger,Flügger Group A/S,Islevdalvej 151,Rødovre,AS-3,probe-20260915-as3csvsample,2026-09-15,74e79faca248e27cb8fd672235a4947efb842ee3640646ea9d4ca6254f3a2736,42,63
"BIORA BALANCE Helmatt interiörfärg BAS1, 2,7 l",4096 0020,Nordic Swan Ecolabel,Indoor paints.,096 Paints and varnishes,4,Teknos,Teknos Oy,Takkatie 3,Helsinki,AS-3,probe-20260915-as3csvsample,2026-09-15,74e79faca248e27cb8fd672235a4947efb842ee3640646ea9d4ca6254f3a2736,42,64
"Flügger Dekso 5 Sort, 3 l (37481)","SE/044/002, SE/044/002",EU Ecolabel,Indoor varnish (EU-Ecolabel),"EU44 Decorative paints, varnishes, and related products",1,Flügger,Flügger Group A/S,Islevdalvej 151,Rødovre,AS-3,probe-20260915-as3csvsample,2026-09-15,74e79faca248e27cb8fd672235a4947efb842ee3640646ea9d4ca6254f3a2736,42,65
"Wallpassion Väggfärg, bas C, 0,9 l","SE/044/006, SE/044/006",EU Ecolabel,Indoor paints (EU-Ecolabel),"EU44 Decorative paints, varnishes, and related products",1,Wallpassion,Hagmans Nordic AB (Fritsla),Box 112,Fritsla,AS-3,probe-20260915-as3csvsample,2026-09-15,74e79faca248e27cb8fd672235a4947efb842ee3640646ea9d4ca6254f3a2736,42,66
"Flügger Interior High Finish 20 Bas 5, 0,7 l","SE/044/002, SE/044/002",EU Ecolabel,Indoor paints (EU-Ecolabel),"EU44 Decorative paints, varnishes, and related products",1,Flügger,Flügger Group A/S,Islevdalvej 151,Rødovre,AS-3,probe-20260915-as3csvsample,2026-09-15,74e79faca248e27cb8fd672235a4947efb842ee3640646ea9d4ca6254f3a2736,42,67
Flügger Dekso 20 H2O White / Base 1,"3096 0024, 3096 0024",Nordic Swan Ecolabel,Indoor paints.,096 Paints and varnishes,4,Flügger,Flügger Group A/S,Islevdalvej 151,Rødovre,AS-3,probe-20260915-as3csvsample,2026-09-15,74e79faca248e27cb8fd672235a4947efb842ee3640646ea9d4ca6254f3a2736,42,68
PP Super Enamel 80 Base 4,"3096 0024, 3096 0024",Nordic Swan Ecolabel,Indoor paints.,096 Paints and varnishes,4,PP,Flügger Group A/S,Islevdalvej 151,Rødovre,AS-3,probe-20260915-as3csvsample,2026-09-15,74e79faca248e27cb8fd672235a4947efb842ee3640646ea9d4ca6254f3a2736,42,69
"Nordic Chic Furniture Paint, Nordic Chic, 750ml",DE/044/046,EU Ecolabel,Indoor paints (EU-Ecolabel),"EU44 Decorative paints, varnishes, and related products",1,Nordic Chic,Nordic Chic,Dragstrupvej 9,Gilleleje,AS-3,probe-20260915-as3csvsample,2026-09-15,74e79faca248e27cb8fd672235a4947efb842ee3640646ea9d4ca6254f3a2736,42,70
"Flügger Interior Strong Finish 20 Offwhite, 0,38 l","SE/044/002, SE/044/002",EU Ecolabel,Exterior paint (EU-Ecolabel),"EU44 Decorative paints, varnishes, and related products",1,Flügger,Flügger Group A/S,Islevdalvej 151,Rødovre,AS-3,probe-20260915-as3csvsample,2026-09-15,74e79faca248e27cb8fd672235a4947efb842ee3640646ea9d4ca6254f3a2736,42,71
Yunik Pro Wood Superdec Semi Matt Base 3,"3096 0048, 3096 0024",Nordic Swan Ecolabel,.,096 Paints and varnishes,4,Yunik Pro,Flügger Group A/S,Islevdalvej 151,Rødovre,AS-3,probe-20260915-as3csvsample,2026-09-15,74e79faca248e27cb8fd672235a4947efb842ee3640646ea9d4ca6254f3a2736,42,72
"Flügger Flutex 7S+ Kalkvit S0502-Y, 3 l","SE/044/002, SE/044/002",EU Ecolabel,Indoor paints (EU-Ecolabel),"EU44 Decorative paints, varnishes, and related products",1,Flügger,Flügger Group A/S,Islevdalvej 151,Rødovre,AS-3,probe-20260915-as3csvsample,2026-09-15,74e79faca248e27cb8fd672235a4947efb842ee3640646ea9d4ca6254f3a2736,42,73
JOTUN Industri Drygolin Power Clean,"2096 0050, 2097 0022",Nordic Swan Ecolabel,.,096 Paints and varnishes,4,Jotun Drygolin,Jotun A/S,Postboks 2021,Sandefjord,AS-3,probe-20260915-as3csvsample,2026-09-15,74e79faca248e27cb8fd672235a4947efb842ee3640646ea9d4ca6254f3a2736,42,74
Beckers Scotte 7 S0502-Y,"4096 0001, 4096 0027",Nordic Swan Ecolabel,Indoor paints.,096 Paints and varnishes,4,Beckers,Tikkurila Oyj,Heidehofintie 2,Vantaa,AS-3,probe-20260915-as3csvsample,2026-09-15,74e79faca248e27cb8fd672235a4947efb842ee3640646ea9d4ca6254f3a2736,42,75
Flügger Flutex Pro 5 Offwhite,"SE/044/002, 3096 0024, SE/044/002, 3096 0024","EU Ecolabel, Nordic Swan Ecolabel",Indoor paints (EU-Ecolabel),"EU44 Decorative paints, varnishes, and related products",1,Flügger,Flügger Group A/S,Islevdalvej 151,Rødovre,AS-3,probe-20260915-as3csvsample,2026-09-15,74e79faca248e27cb8fd672235a4947efb842ee3640646ea9d4ca6254f3a2736,42,76
Beckers It's Easy Matt Wall Paint Tundra 572,"4096 0001, 4096 0027",Nordic Swan Ecolabel,Indoor paints.,096 Paints and varnishes,4,Beckers,Tikkurila Oyj,Heidehofintie 2,Vantaa,AS-3,probe-20260915-as3csvsample,2026-09-15,74e79faca248e27cb8fd672235a4947efb842ee3640646ea9d4ca6254f3a2736,42,77
"Hørpuskin 10S Målarhvitt, 10 l","SE/044/002, SE/044/002",EU Ecolabel,Indoor paints (EU-Ecolabel),"EU44 Decorative paints, varnishes, and related products",1,,Flügger Group A/S,Islevdalvej 151,Rødovre,AS-3,probe-20260915-as3csvsample,2026-09-15,74e79faca248e27cb8fd672235a4947efb842ee3640646ea9d4ca6254f3a2736,42,78
Nordsjö ONE DOOR & WINDOW TECH Base White,"3096 0051, 3096 0003",Nordic Swan Ecolabel,.,096 Paints and varnishes,4,Nordsjö,Akzo Nobel Decorative Coatings AB,Staffantorpsvägen 50,MALMÖ,AS-3,probe-20260915-as3csvsample,2026-09-15,74e79faca248e27cb8fd672235a4947efb842ee3640646ea9d4ca6254f3a2736,42,79
"Flügger Interior Strong Finish 20 base 4, 2,8 l","3096 0032, SE/044/002","Nordic Swan Ecolabel, EU Ecolabel",Indoor paints.,096 Paints and varnishes,4,Flügger,Flügger Group A/S,Islevdalvej 151,Rødovre,AS-3,probe-20260915-as3csvsample,2026-09-15,74e79faca248e27cb8fd672235a4947efb842ee3640646ea9d4ca6254f3a2736,42,80
"BIORA 7 Matt väggfärg BAS3, 2,7 l",4096 0020,Nordic Swan Ecolabel,Indoor paints.,096 Paints and varnishes,4,Teknos,Teknos Oy,Takkatie 3,Helsinki,AS-3,probe-20260915-as3csvsample,2026-09-15,74e79faca248e27cb8fd672235a4947efb842ee3640646ea9d4ca6254f3a2736,42,81
"Flügger Flutex 7S Ass., 10 l (base 4 colour)","SE/044/002, SE/044/002",EU Ecolabel,Indoor paints (EU-Ecolabel),"EU44 Decorative paints, varnishes, and related products",1,Flügger,Flügger Group A/S,Islevdalvej 151,Rødovre,AS-3,probe-20260915-as3csvsample,2026-09-15,74e79faca248e27cb8fd672235a4947efb842ee3640646ea9d4ca6254f3a2736,42,82
"Hørpuskin 10S Hvitt, 0,75 l","SE/044/002, SE/044/002",EU Ecolabel,Indoor paints (EU-Ecolabel),"EU44 Decorative paints, varnishes, and related products",1,,Flügger Group A/S,Islevdalvej 151,Rødovre,AS-3,probe-20260915-as3csvsample,2026-09-15,74e79faca248e27cb8fd672235a4947efb842ee3640646ea9d4ca6254f3a2736,42,83
"Flügger Flutex 7S Bas 3, 9,1 l","SE/044/002, SE/044/002",EU Ecolabel,Indoor paints (EU-Ecolabel),"EU44 Decorative paints, varnishes, and related products",1,Flügger,Flügger Group A/S,Islevdalvej 151,Rødovre,AS-3,probe-20260915-as3csvsample,2026-09-15,74e79faca248e27cb8fd672235a4947efb842ee3640646ea9d4ca6254f3a2736,42,84
"Sigma Solid Topcoat Aqua Hvid/Base LN, 2,5 l",DK/044/003,EU Ecolabel,Exterior paint (EU-Ecolabel),"EU44 Decorative paints, varnishes, and related products",1,Sigma,PPG Coatings Danmark A/S,Gladsaxevej 300,Søborg,AS-3,probe-20260915-as3csvsample,2026-09-15,74e79faca248e27cb8fd672235a4947efb842ee3640646ea9d4ca6254f3a2736,42,85
Nordsjö AMBIANCE SMOOTH SILK Base White,"3096 0003, 3096 0003",Nordic Swan Ecolabel,Indoor paints.,096 Paints and varnishes,4,Nordsjö,Akzo Nobel Decorative Coatings AB,Staffantorpsvägen 50,MALMÖ,AS-3,probe-20260915-as3csvsample,2026-09-15,74e79faca248e27cb8fd672235a4947efb842ee3640646ea9d4ca6254f3a2736,42,86
PP Super Acryl Kitchen & Bath 20 Base 1,"3096 0024, 3096 0024",Nordic Swan Ecolabel,Indoor paints.,096 Paints and varnishes,4,PP,Flügger Group A/S,Islevdalvej 151,Rødovre,AS-3,probe-20260915-as3csvsample,2026-09-15,74e79faca248e27cb8fd672235a4947efb842ee3640646ea9d4ca6254f3a2736,42,87
"Eicó Helmatt 4, Base C, 9,0 l","SE/044/006, SE/044/006",EU Ecolabel,Indoor paints (EU-Ecolabel),"EU44 Decorative paints, varnishes, and related products",1,eicó paint,Hagmans Nordic AB (Fritsla),Box 112,Fritsla,AS-3,probe-20260915-as3csvsample,2026-09-15,74e79faca248e27cb8fd672235a4947efb842ee3640646ea9d4ca6254f3a2736,42,88
"Flügger Interior Strong Finish 20 base 1, 2,8 l","3096 0032, SE/044/002","Nordic Swan Ecolabel, EU Ecolabel",Indoor paints.,096 Paints and varnishes,4,Flügger,Flügger Group A/S,Islevdalvej 151,Rødovre,AS-3,probe-20260915-as3csvsample,2026-09-15,74e79faca248e27cb8fd672235a4947efb842ee3640646ea9d4ca6254f3a2736,42,89
"Flügger Interior High Finish 20 Base 4, 0,35 l","SE/044/002, SE/044/002",EU Ecolabel,Indoor paints (EU-Ecolabel),"EU44 Decorative paints, varnishes, and related products",1,Flügger,Flügger Group A/S,Islevdalvej 151,Rødovre,AS-3,probe-20260915-as3csvsample,2026-09-15,74e79faca248e27cb8fd672235a4947efb842ee3640646ea9d4ca6254f3a2736,42,90
"Yunik Väggfärg 20 500 Vit, 10 l","SE/044/002, SE/044/002",EU Ecolabel,Indoor paints (EU-Ecolabel),"EU44 Decorative paints, varnishes, and related products",1,Yunik,Flügger Group A/S,Islevdalvej 151,Rødovre,AS-3,probe-20260915-as3csvsample,2026-09-15,74e79faca248e27cb8fd672235a4947efb842ee3640646ea9d4ca6254f3a2736,42,91
"Yunik Lackfärg 50 Plus RAL 9010, 3 l","SE/044/002, SE/044/002",EU Ecolabel,Indoor paints (EU-Ecolabel),"EU44 Decorative paints, varnishes, and related products",1,Yunik,Flügger Group A/S,Islevdalvej 151,Rødovre,AS-3,probe-20260915-as3csvsample,2026-09-15,74e79faca248e27cb8fd672235a4947efb842ee3640646ea9d4ca6254f3a2736,42,92
"Flügger Interior High Finish 90 Vit, 0,75 l","SE/044/002, SE/044/002",EU Ecolabel,Indoor paints (EU-Ecolabel),"EU44 Decorative paints, varnishes, and related products",1,Flügger,Flügger Group A/S,Islevdalvej 151,Rødovre,AS-3,probe-20260915-as3csvsample,2026-09-15,74e79faca248e27cb8fd672235a4947efb842ee3640646ea9d4ca6254f3a2736,42,93
"Notes Pure Matt Cover Skin, 2 l","SE/044/002, SE/044/002",EU Ecolabel,Indoor paints (EU-Ecolabel),"EU44 Decorative paints, varnishes, and related products",1,Notes,Flügger Group A/S,Islevdalvej 151,Rødovre,AS-3,probe-20260915-as3csvsample,2026-09-15,74e79faca248e27cb8fd672235a4947efb842ee3640646ea9d4ca6254f3a2736,42,94
Nordsjö MASTER WOOD PAINT INDOOR 40 Base Clear,"3096 0003, 3096 0003",Nordic Swan Ecolabel,Indoor paints.,096 Paints and varnishes,4,Nordsjö,Akzo Nobel Decorative Coatings AB,Staffantorpsvägen 50,MALMÖ,AS-3,probe-20260915-as3csvsample,2026-09-15,74e79faca248e27cb8fd672235a4947efb842ee3640646ea9d4ca6254f3a2736,42,95
Midun Väggfärg 7 Bas Klar,"3096 0045, 3096 0007",Nordic Swan Ecolabel,Indoor paints.,096 Paints and varnishes,4,Midun,Hagmans Nordic AB (Fritsla),Box 112,Fritsla,AS-3,probe-20260915-as3csvsample,2026-09-15,74e79faca248e27cb8fd672235a4947efb842ee3640646ea9d4ca6254f3a2736,42,96
"Flügger Flutex 7S+ Kalkvit S0502-Y, 10 l","SE/044/002, SE/044/002",EU Ecolabel,Indoor paints (EU-Ecolabel),"EU44 Decorative paints, varnishes, and related products",1,Flügger,Flügger Group A/S,Islevdalvej 151,Rødovre,AS-3,probe-20260915-as3csvsample,2026-09-15,74e79faca248e27cb8fd672235a4947efb842ee3640646ea9d4ca6254f3a2736,42,97
"Droppen Elegance, Super Täckande Trælasur oljebaserad, 4 l",DK/044/001,EU Ecolabel,Exterior paint (EU-Ecolabel),"EU44 Decorative paints, varnishes, and related products",1,Droppen Elegance,Nowocoat Industrial A/S,Stålvej 3,Kolding,AS-3,probe-20260915-as3csvsample,2026-09-15,74e79faca248e27cb8fd672235a4947efb842ee3640646ea9d4ca6254f3a2736,42,98
Solid Fönster & Snickeri Vit/Bas 1,3096 0060,Nordic Swan Ecolabel,.,096 Paints and varnishes,4,,DAW Nordic AB,Box 36115,GÖTEBORG,AS-3,probe-20260915-as3csvsample,2026-09-15,74e79faca248e27cb8fd672235a4947efb842ee3640646ea9d4ca6254f3a2736,42,99
Sadolin WALL MATT Base White,"3096 0003, 3096 0003",Nordic Swan Ecolabel,Indoor paints.,096 Paints and varnishes,4,Sadolin,Akzo Nobel Decorative Coatings AB,Staffantorpsvägen 50,MALMÖ,AS-3,probe-20260915-as3csvsample,2026-09-15,74e79faca248e27cb8fd672235a4947efb842ee3640646ea9d4ca6254f3a2736,42,100
