source_id,class_code,active,tier,status,sitemap_products,sds_library_visible,products_registered,producers_registered,trade_kg_hs3208,trade_eur_hs3208,trade_kg_hs3209,trade_eur_hs3209,products_listed,doc_links_seen,walk_budget_exhausted,catalog_count,category_count,page_sample_ok,sds_sample_ok,records_hs3208,records_hs3209,records_hs3213,export_rows,census_status,last_run_key,products_identifiable,cap_manufacturer,cap_product_ident,cap_cn8_linkage,cap_depth_tier,cn8_reachable,real_product_source
AS-1,AS,0,—,done,—,—,—,800 count,—,—,—,—,—,—,—,—,—,—,—,—,—,—,—,—,probe-20260912-as1manual,—,—,—,—,—,—,0
AS-10,AS,0,—,—,—,—,—,—,—,—,—,—,—,—,—,—,—,—,—,—,—,—,—,—,—,—,—,—,manual,—,—,0
AS-11,AS,0,—,—,—,—,—,—,—,—,—,—,—,—,—,—,—,—,—,—,—,—,—,—,—,—,—,—,—,—,—,0
AS-12,AS,0,—,—,—,—,—,—,—,—,—,—,—,—,—,—,—,—,—,—,—,—,—,—,—,—,—,—,—,—,—,0
AS-13,AS,0,—,—,—,—,—,—,—,—,—,—,—,—,—,—,—,—,—,—,—,—,—,—,—,—,—,—,—,—,—,0
AS-14,AS,0,—,—,—,—,—,—,—,—,—,—,—,—,—,—,—,—,—,—,—,—,—,—,—,—,—,—,—,—,—,0
AS-15,AS,0,—,—,—,—,—,—,—,—,—,—,—,—,—,—,—,—,—,—,—,—,—,—,—,—,—,—,—,—,—,0
AS-16,AS,0,—,—,—,—,—,—,—,—,—,—,—,—,—,—,—,—,—,—,—,—,—,—,—,—,—,—,—,—,—,0
AS-17,AS,0,—,—,—,—,—,—,—,—,—,—,—,—,—,—,—,—,—,—,—,—,—,—,—,—,—,—,—,—,—,0
AS-18,AS,0,—,—,—,—,—,—,—,—,—,—,—,—,—,—,—,—,—,—,—,—,—,—,—,—,—,—,—,—,—,0
AS-19,AS,0,—,—,—,—,—,—,—,—,—,—,—,—,—,—,—,—,—,—,—,—,—,—,—,—,—,—,—,—,—,0
AS-2,AS,1,d,—,—,—,—,—,—,—,—,—,—,—,—,—,—,—,—,—,—,—,—,—,—,17838 count,1,1,category,2,0 count,1
AS-20,AS,0,—,—,—,—,—,—,—,—,—,—,—,—,—,—,—,—,—,—,—,—,—,—,—,—,—,—,—,—,—,0
AS-21,AS,0,—,—,—,—,—,—,—,—,—,—,—,—,—,—,—,—,—,—,—,—,—,—,—,—,—,—,—,—,—,0
AS-22,AS,0,—,—,—,—,—,—,—,—,—,—,—,—,—,—,—,—,—,—,—,—,—,—,—,—,—,—,—,—,—,0
AS-23,AS,0,—,—,—,—,—,—,—,—,—,—,—,—,—,—,—,—,—,—,—,—,—,—,—,—,—,—,—,—,—,0
AS-24,AS,0,—,—,—,—,—,—,—,—,—,—,—,—,—,—,—,—,—,—,—,—,—,—,—,—,—,—,—,—,—,0
AS-25,AS,0,—,—,—,—,—,—,—,—,—,—,—,—,—,—,—,—,—,—,—,—,—,—,—,—,—,—,—,—,—,0
AS-26,AS,0,—,—,—,—,—,—,—,—,—,—,—,—,—,—,—,—,—,—,—,—,—,—,—,—,—,—,—,—,—,0
AS-27,AS,0,—,—,—,—,—,—,—,—,—,—,—,—,—,—,—,—,—,—,—,—,—,—,—,—,—,—,—,—,—,0
AS-28,AS,0,—,—,—,—,—,—,—,—,—,—,—,—,—,—,—,—,—,—,—,—,—,—,—,—,—,—,—,—,—,0
AS-29,AS,0,—,—,—,—,—,—,—,—,—,—,—,—,—,—,—,—,—,—,—,—,—,—,—,—,—,—,—,—,—,0
AS-3,AS,1,d,—,—,—,—,—,—,—,—,—,—,—,—,—,—,—,—,—,—,—,—,—,—,—,—,—,manual,—,—,0
AS-30,AS,0,—,—,—,—,—,—,—,—,—,—,—,—,—,—,—,—,—,—,—,—,—,—,—,—,—,—,—,—,—,0
AS-4,AS,0,—,—,—,—,—,—,—,—,—,—,—,—,—,—,—,—,—,—,—,—,—,—,—,—,—,—,—,—,—,0
AS-5,AS,0,—,—,—,—,—,—,—,—,—,—,—,—,—,—,—,—,—,—,—,—,—,—,—,—,—,—,—,—,—,0
AS-6,AS,1,d,—,—,—,—,—,—,—,—,—,—,—,—,—,—,—,—,—,—,—,—,—,—,—,—,—,manual,—,—,0
AS-7,AS,1,d,—,—,—,—,—,—,—,—,—,—,—,—,—,—,—,—,—,—,—,—,—,—,—,—,—,manual,—,—,0
AS-8,AS,0,—,—,—,—,—,—,—,—,—,—,—,—,—,—,—,—,—,—,—,—,—,—,—,—,—,—,manual,—,—,0
AS-9,AS,0,—,—,—,—,—,—,—,—,—,—,—,—,—,—,—,—,—,—,—,—,—,—,—,—,—,—,manual,—,—,0
CS-1,CS,0,—,failed,—,—,—,—,—,—,—,—,—,—,—,—,—,—,—,—,—,—,—,—,probe-20260912-cs1-3,—,—,—,—,—,—,0
CS-2,CS,1,c,done,—,—,—,—,2471311314 kg,12211227434 eur,2099166223.9999998 kg,6221811666 eur,—,—,—,—,—,—,—,278 count,264 count,228 count,1 count,—,probe-20260912-cs2-10,—,—,—,—,—,—,0
CS-3,CS,0,—,—,—,—,—,—,—,—,—,—,—,—,—,—,—,—,—,—,—,—,—,—,—,—,—,—,—,—,—,0
CS-4,CS,0,—,—,—,—,—,—,—,—,—,—,—,—,—,—,—,—,—,—,—,—,—,—,—,—,—,—,—,—,—,0
CS-5,CS,0,—,—,—,—,—,—,—,—,—,—,—,—,—,—,—,—,—,—,—,—,—,—,—,—,—,—,—,—,—,0
LI-2,LI,0,—,—,—,—,—,—,—,—,—,—,—,—,—,—,—,—,—,—,—,—,—,—,—,—,—,—,—,—,—,0
LI-3,LI,0,—,—,—,—,—,—,—,—,—,—,—,—,—,—,—,—,—,—,—,—,—,—,—,—,—,—,—,—,—,0
LI-4,LI,0,—,—,—,—,—,—,—,—,—,—,—,—,—,—,—,—,—,—,—,—,—,—,—,—,—,—,—,—,—,0
LI-5,LI,0,—,—,—,—,—,—,—,—,—,—,—,—,—,—,—,—,—,—,—,—,—,—,—,—,—,—,—,—,—,0
PE-1,PE,0,—,done,—,—,—,—,—,—,—,—,0 count,0 count,0,—,—,—,—,—,—,—,—,—,probe-20260912-pe1-3,—,—,—,—,—,—,0
PE-10,PE,1,b,done,2 count,0 count,—,—,—,—,—,—,—,—,—,—,—,—,—,—,—,—,—,—,probe-20260914-pe10-2,—,—,—,—,—,—,0
PE-11,PE,1,b,done,146 count,0 count,—,—,—,—,—,—,—,—,—,—,—,—,—,—,—,—,—,—,probe-20260914-pe11-2,—,—,—,—,—,—,0
PE-12,PE,1,b,done,9 count,1 count,—,—,—,—,—,—,—,—,—,—,—,—,—,—,—,—,—,—,probe-20260914-pe12-2,—,—,—,—,—,—,0
PE-13,PE,1,b,done,1953 count,1 count,—,—,—,—,—,—,—,—,—,—,—,—,—,—,—,—,—,—,probe-20260914-pe13-2,—,—,—,—,—,—,0
PE-14,PE,1,b,done,3 count,1 count,—,—,—,—,—,—,—,—,—,—,—,—,—,—,—,—,—,—,probe-20260914-pe14-2,—,—,—,—,—,—,0
PE-15,PE,1,b,done,0 count,0 count,—,—,—,—,—,—,—,—,—,—,—,—,—,—,—,—,—,—,probe-20260914-pe15-2,—,—,—,—,—,—,0
PE-16,PE,1,b,done,0 count,0 count,—,—,—,—,—,—,—,—,—,—,—,—,—,—,—,—,—,—,probe-20260914-pe16-2,—,—,—,—,—,—,0
PE-17,PE,1,b,done,0 count,1 count,—,—,—,—,—,—,—,—,—,—,—,—,—,—,—,—,—,—,probe-20260914-pe17-2,—,—,—,—,—,—,0
PE-18,PE,1,b,done,0 count,0 count,—,—,—,—,—,—,—,—,—,—,—,—,—,—,—,—,—,—,probe-20260914-pe18-2,—,—,—,—,—,—,0
PE-19,PE,1,b,done,1619 count,1 count,—,—,—,—,—,—,—,—,—,—,—,—,—,—,—,—,—,—,probe-20260914-pe19-2,—,—,—,—,—,—,0
PE-2,PE,0,—,blocked,—,—,—,—,—,—,—,—,—,—,—,—,—,—,—,—,—,—,—,—,probe-20260912-pe2-3,—,—,—,—,—,—,0
PE-20,PE,1,b,done,199354 count,0 count,—,—,—,—,—,—,—,—,—,—,—,—,—,—,—,—,—,—,probe-20260914-pe20-2,—,—,—,—,—,—,0
PE-21,PE,1,b,done,0 count,0 count,—,—,—,—,—,—,—,—,—,—,—,—,—,—,—,—,—,—,probe-20260914-pe21-2,—,—,—,—,—,—,0
PE-22,PE,1,b,blocked,0 count,0 count,—,—,—,—,—,—,—,—,—,—,—,—,—,—,—,—,—,—,probe-20260914-pe22-2,—,—,—,—,—,—,0
PE-23,PE,1,b,done,0 count,0 count,—,—,—,—,—,—,—,—,—,—,—,—,—,—,—,—,—,—,probe-20260914-pe23-2,—,—,—,—,—,—,0
PE-24,PE,1,d,failed,—,1 count,—,—,—,—,—,—,—,—,—,—,—,—,—,—,—,—,—,—,probe-20260914-pe24-2,—,—,—,—,—,—,0
PE-25,PE,1,b,done,0 count,0 count,—,—,—,—,—,—,—,—,—,—,—,—,—,—,—,—,—,—,probe-20260914-pe25-2,—,—,—,—,—,—,0
PE-26,PE,1,b,done,0 count,0 count,—,—,—,—,—,—,—,—,—,—,—,—,—,—,—,—,—,—,probe-20260914-pe26-2,—,—,—,—,—,—,0
PE-27,PE,1,b,done,0 count,0 count,—,—,—,—,—,—,—,—,—,—,—,—,—,—,—,—,—,—,probe-20260914-pe27-2,—,—,—,—,—,—,0
PE-28,PE,1,b,done,0 count,0 count,—,—,—,—,—,—,—,—,—,—,—,—,—,—,—,—,—,—,probe-20260914-pe28-2,—,—,—,—,—,—,0
PE-29,PE,1,b,done,4 count,1 count,—,—,—,—,—,—,—,—,—,—,—,—,—,—,—,—,—,—,probe-20260914-pe29-2,—,—,—,—,—,—,0
PE-3,PE,0,—,failed,—,—,—,—,—,—,—,—,—,—,—,—,—,—,—,—,—,—,—,—,probe-20260912-pe3-3,—,—,—,—,—,—,0
PE-30,PE,1,b,done,60 count,0 count,—,—,—,—,—,—,—,—,—,—,—,—,—,—,—,—,—,—,probe-20260914-pe30-2,—,—,—,—,—,—,0
PE-31,PE,1,d,blocked,—,0 count,—,—,—,—,—,—,—,—,—,—,—,—,—,—,—,—,—,—,probe-20260914-pe31-2,—,—,—,—,—,—,0
PE-32,PE,1,b,done,0 count,1 count,—,—,—,—,—,—,—,—,—,—,—,—,—,—,—,—,—,—,probe-20260914-pe32-2,—,—,—,—,—,—,0
PE-33,PE,1,b,done,1541 count,0 count,—,—,—,—,—,—,—,—,—,—,—,—,—,—,—,—,—,—,probe-20260914-pe33-2,—,—,—,—,—,—,0
PE-34,PE,1,b,done,2 count,1 count,—,—,—,—,—,—,—,—,—,—,—,—,—,—,—,—,—,—,probe-20260914-pe34-2,—,—,—,—,—,—,0
PE-35,PE,1,d,failed,—,—,—,—,—,—,—,—,—,—,—,—,—,—,—,—,—,—,—,—,probe-20260914-pe35-2,—,—,—,—,—,—,0
PE-36,PE,1,b,done,0 count,—,—,—,—,—,—,—,—,—,—,—,—,—,—,—,—,—,—,—,probe-20260914-pe36-2,—,—,—,—,—,—,0
PE-37,PE,1,b,done,22 count,—,—,—,—,—,—,—,—,—,—,—,—,—,—,—,—,—,—,—,probe-20260914-pe37-2,—,—,—,—,—,—,0
PE-38,PE,1,b,done,0 count,—,—,—,—,—,—,—,—,—,—,—,—,—,—,—,—,—,—,—,probe-20260914-pe38-2,—,—,—,—,—,—,0
PE-39,PE,1,b,done,0 count,—,—,—,—,—,—,—,—,—,—,—,—,—,—,—,—,—,—,—,probe-20260914-pe39-2,—,—,—,—,—,—,0
PE-4,PE,0,—,done,—,—,—,—,—,—,—,—,0 count,0 count,0,—,—,—,—,—,—,—,—,—,probe-20260912-pe4-3,—,—,—,—,—,—,0
PE-40,PE,1,d,failed,—,—,—,—,—,—,—,—,—,—,—,—,—,—,—,—,—,—,—,—,probe-20260914-pe40-2,—,—,—,—,—,—,0
PE-41,PE,1,d,blocked,—,—,—,—,—,—,—,—,—,—,—,—,—,—,—,—,—,—,—,—,probe-20260914-pe41-2,—,—,—,—,—,—,0
PE-42,PE,1,d,blocked,—,—,—,—,—,—,—,—,—,—,—,—,—,—,—,—,—,—,—,—,probe-20260914-pe42-2,—,—,—,—,—,—,0
PE-43,PE,1,b,done,126929 count,—,—,—,—,—,—,—,—,—,—,—,—,—,—,—,—,—,—,—,probe-20260914-pe43-2,—,—,—,—,—,—,0
PE-44,PE,1,b,done,0 count,—,—,—,—,—,—,—,—,—,—,—,—,—,—,—,—,—,—,—,probe-20260914-pe44-2,—,—,—,—,—,—,0
PE-45,PE,0,—,—,—,—,—,—,—,—,—,—,—,—,—,—,—,—,—,—,—,—,—,—,—,—,—,—,—,—,—,0
PE-46,PE,0,—,—,—,—,—,—,—,—,—,—,—,—,—,—,—,—,—,—,—,—,—,—,—,—,—,—,—,—,—,0
PE-47,PE,0,—,—,—,—,—,—,—,—,—,—,—,—,—,—,—,—,—,—,—,—,—,—,—,—,—,—,—,—,—,0
PE-48,PE,0,—,—,—,—,—,—,—,—,—,—,—,—,—,—,—,—,—,—,—,—,—,—,—,—,—,—,—,—,—,0
PE-49,PE,0,—,—,—,—,—,—,—,—,—,—,—,—,—,—,—,—,—,—,—,—,—,—,—,—,—,—,—,—,—,0
PE-50,PE,0,—,—,—,—,—,—,—,—,—,—,—,—,—,—,—,—,—,—,—,—,—,—,—,—,—,—,—,—,—,0
PE-51,PE,0,—,—,—,—,—,—,—,—,—,—,—,—,—,—,—,—,—,—,—,—,—,—,—,—,—,—,—,—,—,0
PE-52,PE,0,—,—,—,—,—,—,—,—,—,—,—,—,—,—,—,—,—,—,—,—,—,—,—,—,—,—,—,—,—,0
PE-53,PE,1,c,done,—,—,—,—,—,—,—,—,—,—,—,—,—,—,—,—,—,—,—,—,probe-20260914-pe53-2,—,—,—,—,—,—,0
PE-54,PE,1,d,failed,—,—,—,—,—,—,—,—,—,—,—,—,—,—,—,—,—,—,—,—,probe-20260914-pe54-2,—,—,—,—,—,—,0
PE-55,PE,1,b,done,0 count,—,—,—,—,—,—,—,—,—,—,—,—,—,—,—,—,—,—,—,probe-20260914-pe55-2,—,—,—,—,—,—,0
PE-56,PE,1,d,failed,—,—,—,—,—,—,—,—,—,—,—,—,—,—,—,—,—,—,—,—,probe-20260914-pe56-2,—,—,—,—,—,—,0
PE-57,PE,1,b,done,0 count,—,—,—,—,—,—,—,—,—,—,—,—,—,—,—,—,—,—,—,probe-20260914-pe57,—,—,—,—,—,—,0
PE-58,PE,1,d,failed,—,—,—,—,—,—,—,—,—,—,—,—,—,—,—,—,—,—,—,—,probe-20260914-pe58,—,—,—,—,—,—,0
PE-59,PE,1,b,done,0 count,—,—,—,—,—,—,—,—,—,—,—,—,—,—,—,—,—,—,—,probe-20260914-pe59,—,—,—,—,—,—,0
PE-60,PE,1,b,done,0 count,—,—,—,—,—,—,—,—,—,—,—,—,—,—,—,—,—,—,—,probe-20260914-pe60,—,—,—,—,—,—,0
PE-61,PE,1,b,done,0 count,—,—,—,—,—,—,—,—,—,—,—,—,—,—,—,—,—,—,—,probe-20260914-pe61,—,—,—,—,—,—,0
PE-62,PE,1,b,done,0 count,—,—,—,—,—,—,—,—,—,—,—,—,—,—,—,—,—,—,—,probe-20260914-pe62,—,—,—,—,—,—,0
ST-1,ST,0,—,done,—,—,1444290,—,—,—,—,—,—,—,—,—,—,—,—,—,—,—,—,—,probe-20260914-st1manual-2,—,—,—,—,—,—,0
ST-2,ST,1,d,failed,—,—,—,—,—,—,—,—,—,—,—,—,—,—,—,—,—,—,—,—,probe-20260912-st2-7,—,—,—,—,—,—,0
ST-3,ST,0,—,done,—,—,—,3300,—,—,—,—,—,—,—,—,—,—,—,—,—,—,—,—,probe-20260914-st3manual,—,—,—,—,—,—,0
ST-4,ST,1,d,—,—,—,—,—,—,—,—,—,—,—,—,—,—,—,—,—,—,—,—,—,—,—,—,—,—,—,—,0
ST-5,ST,0,—,—,—,—,—,—,—,—,—,—,—,—,—,—,—,—,—,—,—,—,—,—,—,—,—,—,—,—,—,0
ST-6,ST,0,—,done,—,—,40000,—,—,—,—,—,—,—,—,—,—,—,—,—,—,—,—,—,probe-20260914-st6manual-2,—,—,—,—,—,—,0
ST-7,ST,0,—,done,—,—,71231,—,—,—,—,—,—,—,—,—,—,—,—,—,—,—,—,—,probe-20260914-st7manual,—,—,—,—,—,—,0

section,key,subkey,value
funnel,q1,label,modeled estimate — never a DB count
funnel,q1,range,"[85840, 343360]"
funnel,q2,label,"definitively identifiable: N (floor) — distinct (manufacturer, ident) pairs over staged registers"
funnel,q2,value,17170
funnel,q3,label,modeled SDS reach — Σ sitemap products over sites with a visible SDS library; match-rate assumption pending (upper bound shown)
funnel,q3,value,3590
funnel,ratio,label,share of the modeled pool that is definitively identifiable (epistemic label: floor ÷ range)
funnel,ratio,low,0.05
funnel,ratio,high,0.2
cn8_trade,32081010,flow 1,kg=96221280.0 eur=338554554.0 rows=114
cn8_trade,32081010,flow 2,kg=88214956.0 eur=419938776.0 rows=290
cn8_trade,32081090,flow 1,kg=508974440.0 eur=2370178364.0 rows=160
cn8_trade,32081090,flow 2,kg=621923952.0 eur=3223648970.0 rows=378
cn8_trade,32082010,flow 1,kg=154320056.0 eur=777431560.0 rows=130
cn8_trade,32082010,flow 2,kg=190823414.0 eur=1041678780.0 rows=346
cn8_trade,32082090,flow 1,kg=528028188.0 eur=2988188972.0 rows=184
cn8_trade,32082090,flow 2,kg=632469684.0 eur=3995346462.0 rows=386
cn8_trade,32089011,flow 1,kg=3611750.0 eur=28164056.0 rows=96
cn8_trade,32089011,flow 2,kg=4358152.0 eur=27715012.0 rows=232
cn8_trade,32089013,flow 1,kg=95158.0 eur=1099884.0 rows=36
cn8_trade,32089013,flow 2,kg=6498.0 eur=69574.0 rows=16
cn8_trade,32089019,flow 1,kg=249204850.0 eur=1154375786.0 rows=168
cn8_trade,32089019,flow 2,kg=369543266.0 eur=2059845204.0 rows=368
cn8_trade,32089091,flow 1,kg=787536896.0 eur=3769228880.0 rows=200
cn8_trade,32089091,flow 2,kg=980254990.0 eur=5299614964.0 rows=394
cn8_trade,32089099,flow 1,kg=143309344.0 eur=783744700.0 rows=190
cn8_trade,32089099,flow 2,kg=169814032.0 eur=882730840.0 rows=368
cn8_trade,32091000,flow 1,kg=1433611454.0 eur=3671260676.0 rows=218
cn8_trade,32091000,flow 2,kg=1938020436.0 eur=4971468728.0 rows=382
cn8_trade,32099000,flow 1,kg=665543716.0 eur=2550327994.0 rows=236
cn8_trade,32099000,flow 2,kg=821382136.0 eur=3401312414.0 rows=388
cn8_trade,32131000,flow 1,kg=61175808.0 eur=336092588.0 rows=184
cn8_trade,32131000,flow 2,kg=33547382.0 eur=281144084.0 rows=330
cn8_trade,32139000,flow 1,kg=50154936.0 eur=310107402.0 rows=198
cn8_trade,32139000,flow 2,kg=53320968.0 eur=401244536.0 rows=324
identity,AS-2,run probe-20260914-as2-2,entries=17838 pairs=17170 mfr=160 completeness=16.0%
depth,tier 1,,13
depth,tier 2,,1
depth,tier 3,,0
depth,tier 4,,0
sds_counts,PE-23,sds_doc_urls,1133.0
sds_counts,PE-20,sds_doc_urls,659.0
sds_counts,PE-43,sds_doc_urls,401.0
sds_counts,PE-27,sds_doc_urls,5.0
sds_counts,PE-34,sds_doc_urls,5.0
sds_counts,PE-29,sds_doc_urls,4.0
sds_counts,PE-11,sds_doc_urls,3.0
sds_counts,PE-19,sds_doc_urls,3.0
sds_counts,PE-10,sds_doc_urls,2.0
sds_counts,PE-28,sds_doc_urls,2.0
sds_counts,PE-32,sds_doc_urls,1.0
census,enumerated,,103
census,probed,,57
census,counted,,35
reconciliation,AS-2,ok,"staged rows 17838 (no products_registered metric — reconciled against the staged count, run probe-20260914-as2-2)"
reconciliation,ST-1,staging-absent,metric present but no staged rows
reconciliation,ST-6,staging-absent,metric present but no staged rows
reconciliation,ST-7,staging-absent,metric present but no staged rows
reconciliation,CS-2,ok,6316 staged trade rows
pool_v2,B1,band,low=46250.0 base=98750 high=210000.0 base_class=b
pool_v2,B2-SE,band,low=1812116.64 base=2416156 high=3020194.4 base_class=e
pool_v2,B2-DK,band,low=558516.0 base=787416 high=1016316.0 base_class=e
pool_v2,B3,band,low=144429.0 base=433287 high=866574.0 base_class=e
pool_v2,B4,band,low=20000.0 base=123000 high=495000.0 base_class=c
pool_v2,B5,band,low=123200.0 base=246400 high=739200.0 base_class=d
pool_v2,B6,band,low=14700 base=20648 high=26597 base_class=a
pool_v2,verdict_sku,e,available=7 confidence=None
pool_v2,verdict_formulation,c,available=7 confidence=None
